<?xml version="1.0" encoding="UTF-8" ?>
<!DOCTYPE mapper PUBLIC "-//mybatis.org//DTD Mapper 3.0//EN" "http://mybatis.org/dtd/mybatis-3-mapper.dtd" >
<mapper namespace="com.kzfire.portal.dao.UserDao">
	
	<insert id="saveLoginLog" parameterType="com.kzfire.portal.entiy.LoginLog"
		useGeneratedKeys="true" keyProperty="id">
		insert into login_log (user_id,login_time,login_ip)
		values (#{userId},#{loginTime},#{loginIp})
	</insert>
	
	<insert id="addUserRole" parameterType="com.kzfire.portal.entiy.SysUserRole"
		useGeneratedKeys="true" keyProperty="id">
		insert into sys_user_role(user_id,role_id) values (#{userId},#{roleId})
	</insert>

	<delete id="delRoleByUserId" parameterType="java.lang.Integer">
		delete from sys_user_role where user_id=#{userId}
	</delete>
	
	<select id="getUserRoleVo" parameterType="java.lang.Integer" 
	resultType="com.kzfire.portal.vo.UserRoleVo">
		SELECT
	a.role_id roleId,
	a.role_desc roleName,
	a.role_code roleCode,
	(
		CASE
		WHEN (
			SELECT
				count(*)
			FROM
				sys_user_role
			WHERE
				role_id = a.role_id
			AND user_id = #{userId}
		) = 0 THEN
			0
		ELSE
			1
		END
	) AS isSel
FROM
	sys_role a
	</select>

	<insert id="addUser" parameterType="com.kzfire.portal.entiy.SysUser"
		useGeneratedKeys="true" keyProperty="id">
		insert into sys_user
		(account,password,real_name,id_card,sex,age,is_use,birthday,join_time,job_lvl,mobile,addr)
		values
		(#{account},#{password},#{realName},#{idCard},#{sex},#{age},#{isUse},
		#{birthday},#{joinTime},#{jobLvl},#{mobile},#{addr})
	</insert>

	<update id="updateUser" parameterType="com.kzfire.portal.entiy.SysUser">
		update sys_user
		<set>
			<if test="account!=null">
				account=#{account},
			</if>
			<if test="password!=null">
				password=#{password},
			</if>
			<if test="realName!=null">
				real_name=#{realName},
			</if>
			<if test="idCard!=null">
				id_card=#{idCard},
			</if>
			<if test="sex!=null">
				sex=#{sex},
			</if>
			<if test="age!=null">
				age=#{age},
			</if>
			<if test="isUse!=null">
				is_use=#{isUse},
			</if>
			<if test="birthday!=null">
				birthday=#{birthday},
			</if>
			<if test="joinTime!=null">
				join_time=#{joinTime},
			</if>
			<if test="leftTime!=null">
				left_time=#{leftTime},
			</if>
			<if test="jobLvl!=null">
				job_lvl=#{jobLvl},
			</if>
			<if test="mobile!=null">
				mobile=#{mobile},
			</if>
			<if test="addr!=null">
				addr=#{addr},
			</if>
		</set>
		where id=#{id}
	</update>

	<select id="getUserCount"  resultType="int" parameterType="java.util.Map">
		select count(*) 
		from sys_user a where account!='admin'
		<if test="text0==null||text0==1">
			and a.left_time is null
		</if>
		<if test="text0==2">
			and a.left_time is not null
		</if>
		<if test="text1!=null">
			and a.real_name like
			CONCAT('%','${text1}','%' )
		</if>
		<if test="text2!=null">
			and a.account like
			CONCAT('%','${text2}','%' )
		</if>
		<if test="text3!=null">
			and (select dept_id from sys_user_dept where user_id=a.id)  = #{text3}
		</if>
		<if test="text4!=null">
			and (select dept_id from sys_user_dept where user_id=a.id) is null
		</if>
	</select>

	<select id="getList" resultType="com.kzfire.portal.vo.UserVo"
		parameterType="com.kzfire.portal.vo.ConditionVo">
		select id,account,real_name realName,join_time
		joinTime,mobile,
		(
		select n.dept_name from sys_user_dept m LEFT JOIN
		sys_dept n on m.dept_id=n.dept_id
		where m.user_id=a.id
		) as deptName
		from sys_user a where account!='admin1'
		<if test="text0==null||text0==1">
			and a.left_time is null
		</if>
		<if test="text0==2">
			and a.left_time is not null
		</if>
		<if test="text1!=null">
			and a.real_name like
			CONCAT('%','${text1}','%' )
		</if>
		<if test="text2!=null">
			and a.account like
			CONCAT('%','${text2}','%' )
		</if>
		<if test="text3!=null">
			and (select dept_id from sys_user_dept where user_id=a.id) = #{text3}
		</if>
		<if test="text4!=null">
			and (select dept_id from sys_user_dept where user_id=a.id) is null
		</if>
		
		order by a.id desc  

		<if test="startRow >0">
			limit #{startRow},#{endRow} 
		</if>
				
		
	
	</select>

	<select id="getSysUserByName" resultType="com.kzfire.portal.entiy.SysUser"
		parameterType="java.lang.String">
		select id,account,password,real_name realName,id_card idCard,
		sex,age,is_use isUse,birthday,join_time joinTime,left_time leftTime,
		job_lvl jobLvl,mobile,addr from sys_user where account=#{username} 
	</select>

	<select id="getSysUserById" resultType="com.kzfire.portal.entiy.SysUser"
		parameterType="java.lang.Integer">
		select id,account,password,real_name realName,id_card
		idCard,
		sex,age,is_use isUse,birthday,join_time joinTime,left_time
		leftTime,
		job_lvl jobLvl,mobile,addr
		from sys_user where
		id=#{id} 
	</select>
	<select id="getRolesByUserId" resultType="com.kzfire.portal.entiy.SysRole"
		parameterType="java.lang.Integer">
		select b.role_id roleId ,b.role_code
		roleCode,b.role_desc roleDesc from sys_user_role a left join sys_role
		b on a.role_id=b.role_id where a.user_id=#{id}
	</select>

	<select id="getPermsByUserId" resultType="com.kzfire.portal.entiy.SysPermission"
		parameterType="java.lang.Integer">
		select b.id ,b.permission_code
		permissionCode,b.permission_desc permissionDesc from
		sys_role_permission a left join sys_permission b on
		a.permission_id=b.id
		left join sys_user_role c on c.role_id=a.role_id
		where c.user_id=#{id}
	</select>

</mapper>