<?xml version="1.0" encoding="UTF-8"?>
<beans xmlns="http://www.springframework.org/schema/beans"
 xmlns:xsi="http://www.w3.org/2001/XMLSchema-instance" 
 xmlns:tx="http://www.springframework.org/schema/tx"
  xmlns:aop="http://www.springframework.org/schema/aop"
   xsi:schemaLocation="
http://www.springframework.org/schema/beans 
http://www.springframework.org/schema/beans/spring-beans-3.0.xsd 
http://www.springframework.org/schema/tx 
http://www.springframework.org/schema/tx/spring-tx-3.0.xsd
http://www.springframework.org/schema/aop 
http://www.springframework.org/schema/aop/spring-aop-3.0.xsd
">


	<!-- 配置dbcp数据源 -->
	<bean id="dataSource" class="org.apache.commons.dbcp.BasicDataSource" destroy-method="close">
		<property name="driverClassName" value="${jdbc.driverClassName}" />
		<property name="url" value="${jdbc.url}" />
		<property name="username" value="${jdbc.username}" />
		<property name="password" value="${jdbc.password}" />
		<!-- 队列中的最小等待数 -->
		<property name="minIdle" value="${jdbc.minIdle}"></property>
		<!-- 队列中的最大等待数 -->
		<property name="maxIdle" value="${jdbc.maxIdle}"></property>
		<!-- 最长等待时间，单位毫秒 -->
		<property name="maxWait" value="${jdbc.maxWait}"></property>
		<!-- 最大活跃数 -->
		<property name="maxActive" value="${jdbc.maxActive}"></property>
		<property name="initialSize" value="${jdbc.initialSize}"></property>
	</bean>



  
    <!-- 开启事务注解驱动 -->  
    <tx:annotation-driven  transaction-manager="transactionManager" proxy-target-class="true"/>  
  
    <!-- 事务管理器 -->  
    <bean id="transactionManager"  
        class="org.springframework.jdbc.datasource.DataSourceTransactionManager">  
        <property name="dataSource" ref="dataSource" />  
    </bean>  
  

	<!-- mapper文件 -->
	<bean id="sqlSessionFactory" class="org.mybatis.spring.SqlSessionFactoryBean">
		<property name="dataSource" ref="dataSource" />
		<property name="mapperLocations" value="classpath:com/kzfire/portal/mapper/mysql/*Mapper.xml" />
	</bean>
	
	<!-- dao接口 -->
	<bean class="org.mybatis.spring.mapper.MapperScannerConfigurer">
		<property name="basePackage" value="com.kzfire.portal.dao" />
	</bean>

</beans>